<?xml version="1.0"?>
<DEVICE SIZE="0"><AK_XMEGA SIZE="0" ADDR="103" INFO="AK_XMEGA проверка протокола" DELAY_DEVIDER="256" WORK_TIME_ENABLE="1"><WRK SIZE="2048" SP_HI_BYTE="128" FLOW_PROTOCOL="1" FLOW_TIMER_INTERVAL="1200"><время METR="WT"><DEV TYPE="48" INDEX="2"/></время><РК SIZE="0"><ГК><DEV TYPE="46" INDEX="3"/></ГК><ННК1><DEV TYPE="46" INDEX="4"/></ННК1><ННК2><DEV TYPE="46" INDEX="5"/></ННК2><НГК><DEV TYPE="46" INDEX="6"/></НГК></РК><Локатор SIZE="0"><B0><DEV TYPE="44" INDEX="523"/></B0><A8t><DEV TYPE="44" INDEX="524"/></A8t><A16t><DEV TYPE="44" INDEX="525"/></A16t><A24t><DEV TYPE="44" INDEX="526"/></A24t><A32t><DEV TYPE="44" INDEX="527"/></A32t><A24><DEV TYPE="44" INDEX="515"/></A24><A32><DEV TYPE="44" INDEX="516"/></A32><A40><DEV TYPE="44" INDEX="517"/></A40><A48><DEV TYPE="44" INDEX="518"/></A48><A56><DEV TYPE="44" INDEX="519"/></A56><A64><DEV TYPE="44" INDEX="520"/></A64><A72><DEV TYPE="44" INDEX="521"/></A72><A80><DEV TYPE="44" INDEX="522"/></A80></Локатор><КУ_ФКД><DEV TYPE="49" INDEX="7"/></КУ_ФКД><КУ_ШУМ><DEV TYPE="49" INDEX="8"/></КУ_ШУМ><U_бат><DEV TYPE="50" INDEX="9"/></U_бат><Время_работы><DEV TYPE="50" INDEX="10"/></Время_работы><Задержка><DEV TYPE="50" INDEX="11"/></Задержка><U_темп><DEV TYPE="51" INDEX="12"/></U_темп><rezerv SIZE="0"><R1><DEV TYPE="46" INDEX="13"/></R1><R2><DEV TYPE="46" INDEX="14"/></R2><R3><DEV TYPE="46" INDEX="15"/></R3></rezerv><ФКД1 ARRAY_SIZE="496"><DEV TYPE="46" INDEX="16"/></ФКД1><ФКД2 ARRAY_SIZE="495"><DEV TYPE="46" INDEX="528"/></ФКД2></WRK><RAM SIZE="4096" RAM_SIZE="1000" RAM_HI_SPEED_PROTOCOL="129" RAM_LO_SPEED_PROTOCOL="1" SP_HI_BYTE="128" FLOW_PROTOCOL="1" FLOW_TIMER_INTERVAL="1200"><время METR="WT"><DEV TYPE="48" INDEX="2"/></время><РК SIZE="0"><ГК><DEV TYPE="46" INDEX="3"/></ГК><ННК1><DEV TYPE="46" INDEX="4"/></ННК1><ННК2><DEV TYPE="46" INDEX="5"/></ННК2><НГК><DEV TYPE="46" INDEX="6"/></НГК></РК><Локатор SIZE="0"><B0><DEV TYPE="44" INDEX="523"/></B0><A8t><DEV TYPE="44" INDEX="524"/></A8t><A16t><DEV TYPE="44" INDEX="525"/></A16t><A24t><DEV TYPE="44" INDEX="526"/></A24t><A32t><DEV TYPE="44" INDEX="527"/></A32t><A24><DEV TYPE="44" INDEX="515"/></A24><A32><DEV TYPE="44" INDEX="516"/></A32><A40><DEV TYPE="44" INDEX="517"/></A40><A48><DEV TYPE="44" INDEX="518"/></A48><A56><DEV TYPE="44" INDEX="519"/></A56><A64><DEV TYPE="44" INDEX="520"/></A64><A72><DEV TYPE="44" INDEX="521"/></A72><A80><DEV TYPE="44" INDEX="522"/></A80></Локатор><КУ_ФКД><DEV TYPE="49" INDEX="7"/></КУ_ФКД><КУ_ШУМ><DEV TYPE="49" INDEX="8"/></КУ_ШУМ><U_бат><DEV TYPE="50" INDEX="9"/></U_бат><Время_работы><DEV TYPE="50" INDEX="10"/></Время_работы><Задержка><DEV TYPE="50" INDEX="11"/></Задержка><U_темп><DEV TYPE="51" INDEX="12"/></U_темп><rezerv SIZE="0"><R1><DEV TYPE="46" INDEX="13"/></R1><R2><DEV TYPE="46" INDEX="14"/></R2><R3><DEV TYPE="46" INDEX="15"/></R3></rezerv><ФКД1 ARRAY_SIZE="496"><DEV TYPE="46" INDEX="16"/></ФКД1><ФКД2 ARRAY_SIZE="495"><DEV TYPE="46" INDEX="528"/></ФКД2><ФКД3 ARRAY_SIZE="960"><DEV TYPE="46" INDEX="1027"/></ФКД3></RAM></AK_XMEGA></DEVICE>
