<?xml version="1.0"?>
<DEVICE SIZE="0"><AP SIZE="0" ADDR="102" INFO="Акустический профилемер, проверка протокола"><WRK SIZE="20" FLOW_TIMER_INTERVAL="1200" SP_HI_BYTE="0" FLOW_PROTOCOL="1"><время METR="WT"><DEV TYPE="48" INDEX="2"/></время><ГК SIZE="0" METR="GK1"><гк><DEV TYPE="46" INDEX="3"/></гк><ГГКп_мз><DEV TYPE="42" INDEX="4"/></ГГКп_мз><ГГКп_сз><DEV TYPE="42" INDEX="5"/></ГГКп_сз><ГГКп_бз><DEV TYPE="42" INDEX="6"/></ГГКп_бз></ГК><Viz><DEV TYPE="41" INDEX="7"/></Viz><T><DEV TYPE="42" INDEX="8"/></T><Ub><DEV TYPE="42" INDEX="9"/></Ub></WRK><RAM SIZE="4608" RAM_SIZE="5" RAM_HI_SPEED_PROTOCOL="129" RAM_LO_SPEED_PROTOCOL="130" FLOW_TIMER_INTERVAL="1200" SP_HI_BYTE="0" FLOW_PROTOCOL="1"><время METR="WT"><DEV TYPE="48" INDEX="2"/></время><ГК SIZE="0" METR="GK1"><гк><DEV TYPE="46" INDEX="3"/></гк><ГГКп_мз><DEV TYPE="42" INDEX="4"/></ГГКп_мз><ГГКп_сз><DEV TYPE="42" INDEX="5"/></ГГКп_сз><ГГКп_бз><DEV TYPE="42" INDEX="6"/></ГГКп_бз></ГК><Viz><DEV TYPE="41" INDEX="7"/></Viz><T><DEV TYPE="42" INDEX="8"/></T><Ub><DEV TYPE="42" INDEX="9"/></Ub><ФКД0 ARRAY_SIZE="200"><DEV TYPE="41" INDEX="56"/></ФКД0><ФКД1 ARRAY_SIZE="256"><DEV TYPE="41" INDEX="256"/></ФКД1><ФКД2 ARRAY_SIZE="256"><DEV TYPE="41" INDEX="512"/></ФКД2><ФКД3 ARRAY_SIZE="256"><DEV TYPE="41" INDEX="768"/></ФКД3><ФКД4 ARRAY_SIZE="256"><DEV TYPE="41" INDEX="1024"/></ФКД4><ФКД5 ARRAY_SIZE="256"><DEV TYPE="41" INDEX="1280"/></ФКД5><ФКД6 ARRAY_SIZE="256"><DEV TYPE="41" INDEX="1536"/></ФКД6><ФКД7 ARRAY_SIZE="256"><DEV TYPE="41" INDEX="1792"/></ФКД7><ФКД8 ARRAY_SIZE="256"><DEV TYPE="41" INDEX="2048"/></ФКД8></RAM></AP></DEVICE>
