<?xml version="1.0"?>
<DEVICE SIZE="0"><РП45 SIZE="0" ADDR="101" INFO="РП-45 проверка протокола"><WRK SIZE="14" FLOW_PROTOCOL="3"><время METR="WT_GLU_PSK"><DEV TYPE="55" INDEX="0"/></время><Глубиномер SIZE="0" METR="RP45"><ДлинаТроса><DEV TYPE="53" INDEX="3"/></ДлинаТроса><Нагрузка><DEV TYPE="54" INDEX="12"/></Нагрузка></Глубиномер></WRK><RAM SIZE="14" RAM_SIZE="5" RAM_LO_SPEED_PROTOCOL="3"><время METR="WT_GLU_PSK"><DEV TYPE="55" INDEX="0"/></время><Глубиномер SIZE="0" METR="RP45"><ДлинаТроса><DEV TYPE="53" INDEX="3"/></ДлинаТроса><Нагрузка><DEV TYPE="54" INDEX="12"/></Нагрузка></Глубиномер></RAM></РП45></DEVICE>
