﻿<?xml version="1.0" encoding="utf-8"?>
<DEVICE SIZE="0">
  <PSK4 SIZE="0" ADDR="104" INFO="PSK4 проверка протокола">
    <WRK SIZE="128" SP_HI_BYTE="0" FLOW_PROTOCOL="1" FLOW_TIMER_INTERVAL="1200">
      <время METR="WT">
        <DEV TYPE="47" INDEX="4" />
      </время>
      <ГК SIZE="0" METR="GK1">
        <гк>
          <DEV TYPE="41" INDEX="30" />
        </гк>
      </ГК>
      <ННК SIZE="0" METR="NNK1">
        <нгк>
          <DEV TYPE="42" INDEX="36" />
        </нгк>
        <ННК2>
          <DEV TYPE="42" INDEX="34" />
        </ННК2>
        <ННК1>
          <DEV TYPE="42" INDEX="32" />
        </ННК1>
      </ННК>
      <Inclin SIZE="0" METR="DPSK">
        <accel SIZE="0">
          <X>
            <DEV TYPE="58" INDEX="18" />
          </X>
          <Y>
            <DEV TYPE="41" INDEX="20" />
          </Y>
          <Z>
            <DEV TYPE="41" INDEX="22" />
          </Z>
        </accel>
        <magnit SIZE="0">
          <X>
            <DEV TYPE="58" INDEX="24" />
          </X>
          <Y>
            <DEV TYPE="58" INDEX="26" />
          </Y>
          <Z>
            <DEV TYPE="41" INDEX="28" />
          </Z>
        </magnit>
        <T>
          <DEV TYPE="41" INDEX="16" />
        </T>
      </Inclin>
      <КС SIZE="0">
        <точно SIZE="0">
          <Z1>
            <DEV TYPE="41" INDEX="6" />
          </Z1>
          <Z2>
            <DEV TYPE="41" INDEX="8" />
          </Z2>
          <Z3>
            <DEV TYPE="41" INDEX="10" />
          </Z3>
          <Z4>
            <DEV TYPE="41" INDEX="12" />
          </Z4>
        </точно>
        <грубо SIZE="0">
          <Z1>
            <DEV TYPE="41" INDEX="1" />
          </Z1>
          <Z2>
            <DEV TYPE="41" INDEX="3" />
          </Z2>
          <Z3>
            <DEV TYPE="41" INDEX="5" />
          </Z3>
          <Z4>
            <DEV TYPE="41" INDEX="7" />
          </Z4>
        </грубо>
        <ПС SIZE="0">
          <Z1>
            <DEV TYPE="41" INDEX="44" />
          </Z1>
          <Z2>
            <DEV TYPE="41" INDEX="38" />
          </Z2>
          <Z3>
            <DEV TYPE="41" INDEX="40" />
          </Z3>
          <Z4>
            <DEV TYPE="41" INDEX="42" />
          </Z4>
        </ПС>
        <I>
          <DEV TYPE="41" INDEX="14" />
        </I>
      </КС>
      <ИК SIZE="0">
        <T0>
          <DEV TYPE="41" INDEX="9" />
        </T0>
        <T1>
          <DEV TYPE="41" INDEX="11" />
        </T1>
        <T2>
          <DEV TYPE="41" INDEX="13" />
        </T2>
        <T3>
          <DEV TYPE="41" INDEX="15" />
        </T3>
        <T4>
          <DEV TYPE="41" INDEX="17" />
        </T4>
        <T5>
          <DEV TYPE="41" INDEX="19" />
        </T5>
      </ИК>
      <Res SIZE="0">
        <Uref>
          <DEV TYPE="41" INDEX="52" />
        </Uref>
        <U>
          <DEV TYPE="41" INDEX="60" />
        </U>
        <I>
          <DEV TYPE="41" INDEX="62" />
        </I>
      </Res>
      <Pre SIZE="0">
        <P1>
          <DEV TYPE="41" INDEX="54" />
        </P1>
        <P2>
          <DEV TYPE="41" INDEX="56" />
        </P2>
      </Pre>
      <Utemp>
        <DEV TYPE="41" INDEX="58" />
      </Utemp>
      <UGng>
        <DEV TYPE="42" INDEX="46" />
      </UGng>
      <URefADC>
        <DEV TYPE="42" INDEX="48" />
      </URefADC>
      <KodKor>
        <DEV TYPE="42" INDEX="50" />
      </KodKor>
      <Prof SIZE="0">
        <T0>
          <DEV TYPE="42" INDEX="21" />
        </T0>
        <A0>
          <DEV TYPE="42" INDEX="23" />
        </A0>
        <T1>
          <DEV TYPE="42" INDEX="25" />
        </T1>
        <A1>
          <DEV TYPE="42" INDEX="27" />
        </A1>
        <T2>
          <DEV TYPE="42" INDEX="29" />
        </T2>
        <A2>
          <DEV TYPE="42" INDEX="31" />
        </A2>
        <T3>
          <DEV TYPE="42" INDEX="33" />
        </T3>
        <A3>
          <DEV TYPE="42" INDEX="35" />
        </A3>
        <T4>
          <DEV TYPE="42" INDEX="37" />
        </T4>
        <A4>
          <DEV TYPE="42" INDEX="39" />
        </A4>
        <T5>
          <DEV TYPE="42" INDEX="41" />
        </T5>
        <A5>
          <DEV TYPE="42" INDEX="43" />
        </A5>
        <T6>
          <DEV TYPE="42" INDEX="45" />
        </T6>
        <A6>
          <DEV TYPE="42" INDEX="47" />
        </A6>
        <T7>
          <DEV TYPE="42" INDEX="49" />
        </T7>
        <A7>
          <DEV TYPE="42" INDEX="51" />
        </A7>
        <T8>
          <DEV TYPE="42" INDEX="53" />
        </T8>
        <A8>
          <DEV TYPE="42" INDEX="55" />
        </A8>
      </Prof>
      <rezerv SIZE="0">
        <R1>
          <DEV TYPE="42" INDEX="57" />
        </R1>
        <R2>
          <DEV TYPE="42" INDEX="59" />
        </R2>
        <R3>
          <DEV TYPE="42" INDEX="61" />
        </R3>
        <R4>
          <DEV TYPE="42" INDEX="63" />
        </R4>
      </rezerv>
    </WRK>
    <RAM SIZE="128" RAM_SIZE="5" RAM_LO_SPEED_PROTOCOL="1" SP_HI_BYTE="0" FLOW_PROTOCOL="1" FLOW_TIMER_INTERVAL="1200">
      <время METR="WT">
        <DEV TYPE="47" INDEX="4" />
      </время>
      <КС SIZE="0">
        <точно SIZE="0">
          <Z1>
            <DEV TYPE="41" INDEX="6" />
          </Z1>
          <Z2>
            <DEV TYPE="41" INDEX="8" />
          </Z2>
          <Z3>
            <DEV TYPE="41" INDEX="10" />
          </Z3>
          <Z4>
            <DEV TYPE="41" INDEX="12" />
          </Z4>
        </точно>
        <грубо SIZE="0">
          <Z1>
            <DEV TYPE="41" INDEX="1" />
          </Z1>
          <Z2>
            <DEV TYPE="41" INDEX="3" />
          </Z2>
          <Z3>
            <DEV TYPE="41" INDEX="5" />
          </Z3>
          <Z4>
            <DEV TYPE="41" INDEX="7" />
          </Z4>
        </грубо>
        <ПС SIZE="0">
          <Z1>
            <DEV TYPE="41" INDEX="44" />
          </Z1>
          <Z2>
            <DEV TYPE="41" INDEX="38" />
          </Z2>
          <Z3>
            <DEV TYPE="41" INDEX="40" />
          </Z3>
          <Z4>
            <DEV TYPE="41" INDEX="42" />
          </Z4>
        </ПС>
        <I>
          <DEV TYPE="41" INDEX="14" />
        </I>
      </КС>
      <ИК SIZE="0">
        <T0>
          <DEV TYPE="41" INDEX="9" />
        </T0>
        <T1>
          <DEV TYPE="41" INDEX="11" />
        </T1>
        <T2>
          <DEV TYPE="41" INDEX="13" />
        </T2>
        <T3>
          <DEV TYPE="41" INDEX="15" />
        </T3>
        <T4>
          <DEV TYPE="41" INDEX="17" />
        </T4>
        <T5>
          <DEV TYPE="41" INDEX="19" />
        </T5>
      </ИК>
      <Inclin SIZE="0" METR="DPSK">
        <accel SIZE="0">
          <X>
            <DEV TYPE="58" INDEX="18" />
          </X>
          <Y>
            <DEV TYPE="41" INDEX="20" />
          </Y>
          <Z>
            <DEV TYPE="41" INDEX="22" />
          </Z>
        </accel>
        <magnit SIZE="0">
          <X>
            <DEV TYPE="58" INDEX="24" />
          </X>
          <Y>
            <DEV TYPE="58" INDEX="26" />
          </Y>
          <Z>
            <DEV TYPE="41" INDEX="28" />
          </Z>
        </magnit>
        <T>
          <DEV TYPE="41" INDEX="16" />
        </T>
      </Inclin>
      <Res SIZE="0">
        <Uref>
          <DEV TYPE="41" INDEX="52" />
        </Uref>
        <U>
          <DEV TYPE="41" INDEX="60" />
        </U>
        <I>
          <DEV TYPE="41" INDEX="62" />
        </I>
      </Res>
      <Pre SIZE="0">
        <P1>
          <DEV TYPE="41" INDEX="54" />
        </P1>
        <P2>
          <DEV TYPE="41" INDEX="56" />
        </P2>
      </Pre>
      <Utemp>
        <DEV TYPE="41" INDEX="58" />
      </Utemp>
      <UGng>
        <DEV TYPE="42" INDEX="46" />
      </UGng>
      <URefADC>
        <DEV TYPE="42" INDEX="48" />
      </URefADC>
      <KodKor>
        <DEV TYPE="42" INDEX="50" />
      </KodKor>
      <Prof SIZE="0">
        <T0>
          <DEV TYPE="42" INDEX="21" />
        </T0>
        <A0>
          <DEV TYPE="42" INDEX="23" />
        </A0>
        <T1>
          <DEV TYPE="42" INDEX="25" />
        </T1>
        <A1>
          <DEV TYPE="42" INDEX="27" />
        </A1>
        <T2>
          <DEV TYPE="42" INDEX="29" />
        </T2>
        <A2>
          <DEV TYPE="42" INDEX="31" />
        </A2>
        <T3>
          <DEV TYPE="42" INDEX="33" />
        </T3>
        <A3>
          <DEV TYPE="42" INDEX="35" />
        </A3>
        <T4>
          <DEV TYPE="42" INDEX="37" />
        </T4>
        <A4>
          <DEV TYPE="42" INDEX="39" />
        </A4>
        <T5>
          <DEV TYPE="42" INDEX="41" />
        </T5>
        <A5>
          <DEV TYPE="42" INDEX="43" />
        </A5>
        <T6>
          <DEV TYPE="42" INDEX="45" />
        </T6>
        <A6>
          <DEV TYPE="42" INDEX="47" />
        </A6>
        <T7>
          <DEV TYPE="42" INDEX="49" />
        </T7>
        <A7>
          <DEV TYPE="42" INDEX="51" />
        </A7>
        <T8>
          <DEV TYPE="42" INDEX="53" />
        </T8>
        <A8>
          <DEV TYPE="42" INDEX="55" />
        </A8>
      </Prof>
      <rezerv SIZE="0">
        <R1>
          <DEV TYPE="42" INDEX="57" />
        </R1>
        <R2>
          <DEV TYPE="42" INDEX="59" />
        </R2>
        <R3>
          <DEV TYPE="42" INDEX="61" />
        </R3>
        <R4>
          <DEV TYPE="42" INDEX="63" />
        </R4>
      </rezerv>
      <ГК SIZE="0" METR="GK1">
        <гк>
          <DEV TYPE="41" INDEX="30" />
        </гк>
      </ГК>
      <ННК SIZE="0" METR="NNK1">
        <нгк>
          <DEV TYPE="42" INDEX="36" />
        </нгк>
        <ННК2>
          <DEV TYPE="42" INDEX="34" />
        </ННК2>
        <ННК1>
          <DEV TYPE="42" INDEX="32" />
        </ННК1>
      </ННК>
    </RAM>
  </PSK4>
</DEVICE>